21. redna seja,Zakon o kolektivnem upravljanju avtorske in sorodnih pravic - Sklep da besedilo predloga za tretjo obravnavo pripravi Vlada,Odbor za gospodarstvo;Odbor za kulturo
21. redna seja,Zakon o kolektivnem upravljanju avtorske in sorodnih pravic - Amandma: K 85. členu 5.7.2016 [SMC - Poslanska skupina Stranke modernega centra],Odbor za gospodarstvo;Odbor za kulturo
21. redna seja,Zakon o kolektivnem upravljanju avtorske in sorodnih pravic - Amandma: K 83. členu 5.7.2016 [SMC - Poslanska skupina Stranke modernega centra],Odbor za gospodarstvo;Odbor za kulturo
21. redna seja,Zakon o kolektivnem upravljanju avtorske in sorodnih pravic - Amandma: K 80. členu 5.7.2016 [SMC - Poslanska skupina Stranke modernega centra],Odbor za gospodarstvo;Odbor za kulturo
21. redna seja,Zakon o kolektivnem upravljanju avtorske in sorodnih pravic - Amandma: K 79. členu 5.7.2016 [SMC - Poslanska skupina Stranke modernega centra],Odbor za gospodarstvo;Odbor za kulturo
21. redna seja,Zakon o kolektivnem upravljanju avtorske in sorodnih pravic - Amandma: K 79. členu 5.7.2016 [SDS - Poslanska skupina Slovenske demokratske stranke],Odbor za gospodarstvo;Odbor za kulturo
21. redna seja,Zakon o kolektivnem upravljanju avtorske in sorodnih pravic - Amandma: K 77 a. členu 5.7.2016 [SMC - Poslanska skupina Stranke modernega centra],Odbor za gospodarstvo;Odbor za kulturo
21. redna seja,Zakon o kolektivnem upravljanju avtorske in sorodnih pravic - Amandma: K 77. členu 5.7.2016 [SMC - Poslanska skupina Stranke modernega centra],Odbor za gospodarstvo;Odbor za kulturo
21. redna seja,Zakon o kolektivnem upravljanju avtorske in sorodnih pravic - Amandma: K 76. členu 5.7.2016 [SMC - Poslanska skupina Stranke modernega centra],Odbor za gospodarstvo;Odbor za kulturo
21. redna seja,Zakon o kolektivnem upravljanju avtorske in sorodnih pravic - Amandma: K 75 b. členu 5.7.2016 [SMC - Poslanska skupina Stranke modernega centra],Odbor za gospodarstvo;Odbor za kulturo
21. redna seja,Zakon o kolektivnem upravljanju avtorske in sorodnih pravic - Amandma: K 70. členu 5.7.2016 [SMC - Poslanska skupina Stranke modernega centra],Odbor za gospodarstvo;Odbor za kulturo
21. redna seja,Zakon o kolektivnem upravljanju avtorske in sorodnih pravic - Amandma: K 52. členu 5.7.2016 [SMC - Poslanska skupina Stranke modernega centra],Odbor za gospodarstvo;Odbor za kulturo
21. redna seja,Zakon o kolektivnem upravljanju avtorske in sorodnih pravic - Amandma: K 50. členu 5.7.2016 [SMC - Poslanska skupina Stranke modernega centra],Odbor za gospodarstvo;Odbor za kulturo
21. redna seja,Zakon o kolektivnem upravljanju avtorske in sorodnih pravic - Amandma: K 48. členu 5.7.2016 [SDS - Poslanska skupina Slovenske demokratske stranke],Odbor za gospodarstvo;Odbor za kulturo
21. redna seja,Zakon o kolektivnem upravljanju avtorske in sorodnih pravic - Amandma: K 46. členu 5.7.2016 [SMC - Poslanska skupina Stranke modernega centra],Odbor za gospodarstvo;Odbor za kulturo
19. redna seja,Zakon o spremembah in dopolnitvah Zakona o socialnem varstvu - Glasovanje o zakonu v celoti,|Odbor za delo, družino, socialne zadeve in invalide;Odbor za finance in monetarno politiko|
19. redna seja,Zakon o spremembah in dopolnitvah Zakona o socialnem varstvu - Uskladitveni amandma: K 8. členu 20.5.2016 [V - Vlada],|Odbor za delo, družino, socialne zadeve in invalide;Odbor za finance in monetarno politiko|
19. redna seja,Sklep o razrešitvi in imenovanju predsednika Odbora za pravosodje - Glasovanje,Proceduralna glasovanja
19. redna seja,Sklep o spremembi Sklepa o imenovanju članov Sveta Fundacije za financiranje športnih organizacij v Republiki Sloveniji - Glasovanje,Mandatno-volilna komisija
19. redna seja,Sklep o razrešitvi podpredsednice in imenovanju podpredsednika Odbora za zdravstvo - Glasovanje,Proceduralna glasovanja
19. redna seja,Zakon o spremembah in dopolnitvah Zakona o Slovenskem državnem holdingu - Evidenčni sklep o primernosti predloga zakona ,Odbor za finance in monetarno politiko
19. redna seja,Predlog kandidata za ministra za kulturo - Glasovanje o listi kandidatov za ministre,Odbor za kulturo
19. redna seja,Zakon o postopku priznavanja poklicnih kvalifikacij za opravljanje reguliranih poklicev - Glasovanje o zakonu v celoti,|Odbor za delo, družino, socialne zadeve in invalide|
19. redna seja,Zakon o ratifikaciji Poroštvene pogodbe med Republiko Slovenijo in Evropsko investicijsko banko (avtoceste IX) - Glasovanje o zakonu v celoti,Odbor za finance in monetarno politiko;Odbor za zunanjo politiko
19. redna seja,Zakon o ratifikaciji Sporazuma o znanstvenem in tehnološkem sodelovanju med Vlado Republike Slovenije in Vlado Republike Tunizije - Glasovanje o zakonu v celoti,|Odbor za izobraževanje, znanost, šport in mladino;Odbor za zunanjo politiko|
19. redna seja,Zakon o ratifikaciji Sporazuma o zračnih prevozih med Vlado Republike Slovenije in Vlado Združenih arabskih emiratov - Glasovanje o zakonu v celoti,|Odbor za infrastrukturo, okolje in prostor;Odbor za zunanjo politiko|
19. redna seja,Zakon o ratifikaciji Sporazuma med Vlado Republike Slovenije in Vlado Gruzije o mednarodnem cestnem prevozu potnikov in blaga - Glasovanje o zakonu v celoti,|Odbor za infrastrukturo, okolje in prostor;Odbor za zunanjo politiko|
19. redna seja,Zakon o ratifikaciji Sporazuma med Vlado Republike Slovenije in Vlado Azerbajdžanske republike o mednarodnem cestnem prevozu - Glasovanje o zakonu v celoti,|Odbor za infrastrukturo, okolje in prostor;Odbor za zunanjo politiko|
19. redna seja,Zakon o kolektivnem upravljanju avtorske in sorodnih pravic - Evidenčni sklep o primernosti predloga zakona ,Odbor za gospodarstvo;Odbor za kulturo
19. redna seja,Zakon o spremembah in dopolnitvah Zakona o spodbujanju skladnega regionalnega razvoja - Evidenčni sklep o primernosti predloga zakona ,Komisija za narodni skupnosti;Odbor za gospodarstvo
17. redna seja,|Zakon o spremembah in dopolnitvah Zakona o finančnem poslovanju, postopkih zaradi insolventnosti in prisilnem prenehanju - Glasovanje o zakonu v celoti|,Odbor za pravosodje
17. redna seja,|Zakon o spremembah in dopolnitvah Zakona o finančnem poslovanju, postopkih zaradi insolventnosti in prisilnem prenehanju - Amandma: K 1. členu 31.3.2016 [ZL - Poslanska skupina Združena levica]|,Odbor za pravosodje
17. redna seja,|Zakon o spremembah in dopolnitvah Zakona o finančnem poslovanju, postopkih zaradi insolventnosti in prisilnem prenehanju - Amandma: K 1. členu 31.3.2016 [ZL - Poslanska skupina Združena levica]|,Odbor za pravosodje
17. redna seja,Zakon o spremembah in dopolnitvah Zakona o kmetijskih zemljiščih - Glasovanje o zakonu v celoti,|Odbor za kmetijstvo, gozdarstvo in prehrano|
17. redna seja,|Zakon o spremembi in dopolnitvah Zakona o Javnem jamstvenem, preživninskem in invalidskem skladu Republike Slovenije - Evidenčni sklep o primernosti predloga zakona |,|Odbor za delo, družino, socialne zadeve in invalide|
17. redna seja,Zakon o spremembah in dopolnitvah Zakona o pokojninskem in invalidskem zavarovanju - Evidenčni sklep o primernosti predloga zakona ,|Odbor za delo, družino, socialne zadeve in invalide;Odbor za finance in monetarno politiko|
17. redna seja,Zakon o sistemu jamstva za vloge - Glasovanje o zakonu v celoti,Odbor za finance in monetarno politiko
17. redna seja,Zakon o sistemu jamstva za vloge - Amandma: K 56. členu 15.3.2016 [SDS - Poslanska skupina Slovenske demokratske stranke],Odbor za finance in monetarno politiko
8. redna seja,Poročilo o delu Komisije za nadzor obveščevalnih in varnostnih služb v letu 2014 (tajno) - Glasovanje o predlogu sklepa,Komisija za nadzor obveščevalnih in varnostnih služb
17. redna seja,Zakon o spremembah in dopolnitvah Zakona o zagotavljanju sredstev za investicije v prometno infrastrukturo - Evidenčni sklep o primernosti predloga zakona ,|Odbor za infrastrukturo, okolje in prostor|
17. redna seja,Zakon o graditvi prometne infrastrukture v Republiki Sloveniji - Evidenčni sklep o primernosti predloga zakona ,|Odbor za infrastrukturo, okolje in prostor|
17. redna seja,Predlog sklepa (razprava o odgovoru ministrice za obrambo Andreje Katič na poslansko vprašanje Žana Mahniča v zvezi s sestrelitvijo helikopterja nad Rožno dolino),Proceduralna glasovanja
17. redna seja,Predlog sklepa (razprava o odgovoru ministrice za okolje in prostor Irene Majcen na poslansko vprašanje Danijela Krivca v zvezi z zagotavljanjem protipoplavne varnosti),Proceduralna glasovanja
17. redna seja,Predlog sklepa (razprava o odgovoru ministrice za kulturo mag. Julijane Bizjak Mlakar na poslansko vprašanje Violete Tomić  v zvezi s finančnim položajem Društva slovenskih književnih prevajalcev),Proceduralna glasovanja
17. redna seja,Predlog sklepa (razprava o odgovoru ministra za infrastrukturo dr. Petra Gašperšiča na poslansko vprašanje Ljuba Žnidarja v zvezi s protihrupnimi ograjami),Proceduralna glasovanja
17. redna seja,Predlog sklepa (razprava o odgovoru ministrice za zdravje Marije Milojke Kolar Celarc na poslansko vprašanje mag. Marka Pogačnika v zvezi s spremembami Zakona o zdravilstvu),Proceduralna glasovanja
16. redna seja,Zakon o mednarodni zaščiti - Glasovanje o zakonu v celoti,|Odbor za notranje zadeve, javno upravo in lokalno samoupravo|
16. redna seja,Zakon o mednarodni zaščiti - Amandma: K 125. členu 4.3.2016 [SMC - Poslanska skupina Stranke modernega centra],|Odbor za notranje zadeve, javno upravo in lokalno samoupravo|
16. redna seja,Zakon o mednarodni zaščiti - Amandma: K 70. členu 4.3.2016 [SMC - Poslanska skupina Stranke modernega centra],|Odbor za notranje zadeve, javno upravo in lokalno samoupravo|
16. redna seja,Zakon o mednarodni zaščiti - Amandma: K 70. členu 3.3.2016 [ZL - Poslanska skupina Združena levica],|Odbor za notranje zadeve, javno upravo in lokalno samoupravo|
16. redna seja,Zakon o mednarodni zaščiti - Amandma: K 51. členu 4.3.2016 [SMC - Poslanska skupina Stranke modernega centra],|Odbor za notranje zadeve, javno upravo in lokalno samoupravo|
16. redna seja,Zakon o mednarodni zaščiti - Amandma: K 51. členu 3.3.2016 [SDS - Poslanska skupina Slovenske demokratske stranke],|Odbor za notranje zadeve, javno upravo in lokalno samoupravo|
16. redna seja,Predlog sklepa (prenos točke na eno od naslednjih sej),Proceduralna glasovanja
16. redna seja,Proceduralni predlog (pol urna prekinitev obravnave),Proceduralna glasovanja
16. redna seja,Proceduralni predlog (prekinitev in pridobitev mnenja ZPS po tretjem odstavku 37. člena.),Proceduralna glasovanja
16. redna seja,Razveljavitev Proceduralnega predloga na podlagi petega odstavka 67. člena Poslovnika Državnega zbora (vsak govornik razpravlja le enkrat) - nesprejet,Proceduralna glasovanja
16. redna seja,Razveljavitev Proceduralnega predloga na podlagi petega odstavka 67. člena Poslovnika Državnega zbora (vsak govornik razpravlja le enkrat) - druga nesklepčnost,Proceduralna glasovanja
16. redna seja,Ravzeljavitev Proceduralnega predloga na podlagi petega odstavka 67. člena Poslovnika Državnega zbora (vsak govornik razpravlja le enkrat) - prva nesklepčnost,Proceduralna glasovanja
16. redna seja,Proceduralni predlog na podlagi petega odstavka 67. člena Poslovnika Državnega zbora (vsak govornik razpravlja le enkrat),Proceduralna glasovanja
16. redna seja,|Sklep o spremembah Sklepa o sestavi in imenovanju predsednika, podpredsednika, članov in namestnikov članov Preiskovalne komisije o ugotavljanju zlorab v slovenskem bančnem sistemu ter ugotavljanju vzrokov in odgovornosti za že drugo sanacijo bančnega sistema v samostojni Sloveniji - Glasovanje|,Mandatno-volilna komisija
16. redna seja,|Sklep o spremembi Sklepa o sestavi in imenovanju predsednika, podpredsednika, članov in namestnikov članov Preiskovalne komisije za ugotavljanje politične odgovornosti nosilcev javnih funkcij pri investiciji v blok 6 Termoelektrarne Šoštanj - Glasovanje|,Mandatno-volilna komisija
15. redna seja,Zakon o gospodarjenju z gozdovi v lasti Republike Slovenije - Glasovanje o zakonu v celoti,|Odbor za kmetijstvo, gozdarstvo in prehrano|
15. redna seja,Zakon o gospodarjenju z gozdovi v lasti Republike Slovenije - Amandma: K 15. členu 1.2.2016 [ZL - Poslanska skupina Združena levica],|Odbor za kmetijstvo, gozdarstvo in prehrano|
15. redna seja,Zakon o spremembah in dopolnitvah Zakona o medijih - Glasovanje o zakonu v celoti,Odbor za kulturo
15. redna seja,Zakon o pogrebni dejavnosti ter upravljanju pokopališč - Evidenčni sklep MDT,Odbor za gospodarstvo
15. redna seja,Zakon o gospodarjenju z gozdovi v lasti Republike Slovenije - Evidenčni sklep da se tretja obravnava opravi na isti seji ,|Odbor za gospodarstvo;Odbor za kmetijstvo, gozdarstvo in prehrano|
15. redna seja,Zakon o gospodarjenju z gozdovi v lasti Republike Slovenije - Amandma: K 45. členu 19.1.2016 [SMC - Poslanska skupina Stranke modernega centra],|Odbor za gospodarstvo;Odbor za kmetijstvo, gozdarstvo in prehrano|
15. redna seja,Zakon o gospodarjenju z gozdovi v lasti Republike Slovenije - Amandma: K 30.a. členu 18.1.2016 [ZL - Poslanska skupina Združena levica],|Odbor za gospodarstvo;Odbor za kmetijstvo, gozdarstvo in prehrano|
15. redna seja,Zakon o gospodarjenju z gozdovi v lasti Republike Slovenije - Amandma: K 29. členu 18.1.2016 [ZL - Poslanska skupina Združena levica],|Odbor za gospodarstvo;Odbor za kmetijstvo, gozdarstvo in prehrano|
15. redna seja,Zakon o gospodarjenju z gozdovi v lasti Republike Slovenije - Amandma: K 29. členu 19.1.2016 [NSi - Poslanska skupina Nove Slovenije - krščanskih demokratov],|Odbor za gospodarstvo;Odbor za kmetijstvo, gozdarstvo in prehrano|
15. redna seja,Zakon o gospodarjenju z gozdovi v lasti Republike Slovenije - Amandma: K 16.a. členu 18.1.2016 [ZL - Poslanska skupina Združena levica],|Odbor za gospodarstvo;Odbor za kmetijstvo, gozdarstvo in prehrano|
15. redna seja,Zakon o gospodarjenju z gozdovi v lasti Republike Slovenije - Amandma: K 15. členu 19.1.2016 [SMC - Poslanska skupina Stranke modernega centra; DeSUS - Poslanska skupina Demokratične stranke upokojencev Slovenije; SD - Poslanska skupina Socialnih demokratov],|Odbor za gospodarstvo;Odbor za kmetijstvo, gozdarstvo in prehrano|
15. redna seja,Zakon o gospodarjenju z gozdovi v lasti Republike Slovenije - Amandma: K 10.a. členu 18.1.2016 [ZL - Poslanska skupina Združena levica],|Odbor za gospodarstvo;Odbor za kmetijstvo, gozdarstvo in prehrano|
22. izredna seja,Zakon o dopolnitvi Zakona o obrambi - Glasovanje o zakonu v celoti,Odbor za obrambo
15. redna seja,Zakon o gospodarjenju z gozdovi v lasti Republike Slovenije - Amandma: K 10. členu 19.1.2016 [NSi - Poslanska skupina Nove Slovenije - krščanskih demokratov],|Odbor za gospodarstvo;Odbor za kmetijstvo, gozdarstvo in prehrano|
15. redna seja,Zakon o spremembah in dopolnitvah Zakona o prispevkih za socialno varnost - Evidenčni sklep o primernosti predloga zakona ,Odbor za finance in monetarno politiko
15. redna seja,|Predlog sklepa (razprava o odgovoru ministra za kmetijstvo, gozdarstvo in prehrano mag. Dejana Židana na poslansko vprašanje Franca Breznika v zvezi s politiko cen najema kmetijskih zemljišč iz Sklada kmetijskih zemljišč in gozdov Republike Slovenije.)|,Proceduralna glasovanja
14. redna seja,Zakon o spremembi in dopolnitvah Zakona o varstvu javnega reda in miru - Evidenčni sklep o primernosti predloga zakona 18.12.2015,|Odbor za notranje zadeve, javno upravo in lokalno samoupravo|
14. redna seja,Zakon o spremembi in dopolnitvah Zakona o varstvu javnega reda in miru - Evidenčni sklep o primernosti predloga zakona 18.12.2015,|Odbor za notranje zadeve, javno upravo in lokalno samoupravo|
14. redna seja,Zakon o spremembah in dopolnitvah Zakona o mednarodni zaščiti - Evidenčni sklep o primernosti predloga zakona 18.12.2015,|Odbor za notranje zadeve, javno upravo in lokalno samoupravo|
14. redna seja,Zakon o spremembah in dopolnitvah Zakona o mednarodni zaščiti - Evidenčni sklep o primernosti predloga zakona 18.12.2015,|Odbor za notranje zadeve, javno upravo in lokalno samoupravo|
14. redna seja,Priporočilo Vladi Republike Slovenije za povečanje stopnje transparentnosti in demokratičnosti njenega delovanja in delovanja ministrstev - Glasovanje o aktu v celoti,|Odbor za notranje zadeve, javno upravo in lokalno samoupravo|
14. redna seja,Priporočilo Vladi Republike Slovenije za povečanje stopnje transparentnosti in demokratičnosti njenega delovanja in delovanja ministrstev - Amandma: K 4. točki 8.12.2015 [SDS - Poslanska skupina Slovenske demokratske stranke],|Odbor za notranje zadeve, javno upravo in lokalno samoupravo|
14. redna seja,Zakon o spremembi Zakona o organizaciji in financiranju vzgoje in izobraževanja - Evidenčni sklep o primernosti predloga zakona 18.12.2015,|Odbor za izobraževanje, znanost, šport in mladino|
14. redna seja,Zakon o spremembi Zakona o organizaciji in financiranju vzgoje in izobraževanja - Evidenčni sklep o primernosti predloga zakona 18.12.2015,|Odbor za izobraževanje, znanost, šport in mladino|
14. redna seja,Zakon o slovenskem ogrodju kvalifikacij - Glasovanje o zakonu v celoti,|Odbor za izobraževanje, znanost, šport in mladino|
14. redna seja,|Zakon o spremembah in dopolnitvah Zakona o finančnem poslovanju, postopkih zaradi insolventnosti in prisilnem prenehanju - Evidenčni sklep o primernosti predloga zakona 18.12.2015|,Odbor za pravosodje
14. redna seja,|Zakon o spremembah in dopolnitvah Zakona o finančnem poslovanju, postopkih zaradi insolventnosti in prisilnem prenehanju - Evidenčni sklep o primernosti predloga zakona 18.12.2015|,Odbor za pravosodje
14. redna seja,Zakon o spremembi in dopolnitvi Zakona o plačilu odškodnine žrtvam vojnega in povojnega nasilja - Glasovanje o zakonu v celoti,Odbor za finance in monetarno politiko
14. redna seja,|Priporočilo v zvezi s problematiko svetovalnih pogodb v Novi Ljubljanski banki, d. d. - Glasovanje o aktu v celoti|,Komisija za nadzor javnih financ
14. redna seja,|Priporočilo v zvezi s problematiko svetovalnih pogodb v Novi Ljubljanski banki, d. d. - Amandma:  11.12.2015 [NP - Poslanska skupina nepovezanih poslancev]|,Komisija za nadzor javnih financ
14. redna seja,|Priporočilo v zvezi s problematiko svetovalnih pogodb v Novi Ljubljanski banki, d. d. - Amandma:  11.12.2015 [NP - Poslanska skupina nepovezanih poslancev]|,Komisija za nadzor javnih financ
14. redna seja,Zakon o spremembah in dopolnitvah Zakona o ukrepih Republike Slovenije za krepitev stabilnosti bank - Glasovanje o zakonu v celoti,Odbor za finance in monetarno politiko
14. redna seja,Zakon o spremembah in dopolnitvah Zakona o ukrepih Republike Slovenije za krepitev stabilnosti bank - Amandma: K 8. členu 8.12.2015 [SMC - Poslanska skupina Stranke modernega centra],Odbor za finance in monetarno politiko
14. redna seja,Zakon o spremembah in dopolnitvah Zakona o ukrepih Republike Slovenije za krepitev stabilnosti bank - Amandma: K 8. členu 7.12.2015 [NP - Poslanska skupina nepovezanih poslancev],Odbor za finance in monetarno politiko
14. redna seja,Predlog sklepa (razprava o odgovoru ministra za finance dr. Dušana Mramorja na poslansko vprašanje Luke Mesca v zvezi s privatizacijo Adrie Airways Tehnika.),Proceduralna glasovanja
14. redna seja,Predlog sklepa (razprava o odgovoru ministra za finance dr. Dušana Mramorja na poslansko vprašanje Žana Mahniča v zvezi z zavezami danimi zvezi NATO glede obrambnega proračuna.),Proceduralna glasovanja
12. redna seja,Zakon o spremembah in dopolnitvah Zakona o železniškem prometu - Sklep o pripravi uradnega prečiščenega besedila zakona,|Odbor za infrastrukturo, okolje in prostor|
12. redna seja,Zakon o spremembah in dopolnitvah Zakona o železniškem prometu - Glasovanje o zakonu v celoti,|Odbor za infrastrukturo, okolje in prostor|
12. redna seja,Zakon o javnem naročanju - Glasovanje o zakonu v celoti,|Odbor za notranje zadeve, javno upravo in lokalno samoupravo|
12. redna seja,Resolucija o nacionalnem programu za enake možnosti žensk in moških 2015–2020 - Glasovanje,|Odbor za delo, družino, socialne zadeve in invalide|
12. redna seja,Zakon o spremembah in dopolnitvah Zakona o infrastrukturi za prostorske informacije - Glasovanje o zakonu v celoti,|Odbor za infrastrukturo, okolje in prostor|
12. redna seja,Zakon o spremembah in dopolnitvah Zakona o avdiovizualnih medijskih storitvah - Glasovanje o zakonu v celoti,Odbor za kulturo
12. redna seja,Dvajseto redno poročilo o delu Varuha človekovih pravic Republike Slovenije za leto 2014 s predlogom priporočila - Glasovanje o predlogu priporočila,Komisija za peticije ter za človekove pravice in enake možnosti;Odbor za zdravstvo
12. redna seja,Dvajseto redno poročilo o delu Varuha človekovih pravic Republike Slovenije za leto 2014 s predlogom priporočila - Amandma: K PREDLOGU PRIPOROČILA 13.10.2015 [ZL - Poslanska skupina Združena levica],Komisija za peticije ter za človekove pravice in enake možnosti;Odbor za zdravstvo
12. redna seja,Dvajseto redno poročilo o delu Varuha človekovih pravic Republike Slovenije za leto 2014 s predlogom priporočila - Amandma: K PREDLOGU PRIPOROČILA 13.10.2015 [ZL - Poslanska skupina Združena levica],Komisija za peticije ter za človekove pravice in enake možnosti;Odbor za zdravstvo
12. redna seja,Dvajseto redno poročilo o delu Varuha človekovih pravic Republike Slovenije za leto 2014 s predlogom priporočila - Amandma: K PREDLOGU PRIPOROČILA 13.10.2015 [ZL - Poslanska skupina Združena levica],Komisija za peticije ter za človekove pravice in enake možnosti;Odbor za zdravstvo
12. redna seja,Dvajseto redno poročilo o delu Varuha človekovih pravic Republike Slovenije za leto 2014 s predlogom priporočila - Amandma: K PREDLOGU PRIPOROČILA 13.10.2015 [ZL - Poslanska skupina Združena levica],Komisija za peticije ter za človekove pravice in enake možnosti;Odbor za zdravstvo
12. redna seja,Dvajseto redno poročilo o delu Varuha človekovih pravic Republike Slovenije za leto 2014 s predlogom priporočila - Amandma: K PREDLOGU PRIPOROČILA 13.10.2015 [ZL - Poslanska skupina Združena levica],Komisija za peticije ter za človekove pravice in enake možnosti;Odbor za zdravstvo
12. redna seja,Dvajseto redno poročilo o delu Varuha človekovih pravic Republike Slovenije za leto 2014 s predlogom priporočila - Amandma: K PREDLOGU PRIPOROČILA 13.10.2015 [ZL - Poslanska skupina Združena levica],Komisija za peticije ter za človekove pravice in enake možnosti;Odbor za zdravstvo
12. redna seja,Dvajseto redno poročilo o delu Varuha človekovih pravic Republike Slovenije za leto 2014 s predlogom priporočila - Amandma: K PREDLOGU PRIPOROČILA 13.10.2015 [ZL - Poslanska skupina Združena levica],Komisija za peticije ter za človekove pravice in enake možnosti;Odbor za zdravstvo
12. redna seja,Dvajseto redno poročilo o delu Varuha človekovih pravic Republike Slovenije za leto 2014 s predlogom priporočila - Amandma: K PREDLOGU PRIPOROČILA 13.10.2015 [ZL - Poslanska skupina Združena levica],Komisija za peticije ter za človekove pravice in enake možnosti;Odbor za zdravstvo
12. redna seja,|Priporočilo v zvezi s problematiko delovanja Družbe za upravljanje terjatev bank, d. d., v povezavi z družbami in podjetji, katerih bančne terjatve so bile prenesene na Družbo za upravljanje terjatev bank, d. d. - Glasovanje|,Komisija za nadzor javnih financ;Odbor za finance in monetarno politiko
12. redna seja,|Priporočilo v zvezi s problematiko delovanja Družbe za upravljanje terjatev bank, d. d., v povezavi z družbami in podjetji, katerih bančne terjatve so bile prenesene na Družbo za upravljanje terjatev bank, d. d. - Amandma: K predlogu priporočila 16.10.2015 [ZL - Poslanska skupina Združena levica]|,Komisija za nadzor javnih financ;Odbor za finance in monetarno politiko
12. redna seja,|Priporočilo v zvezi s problematiko delovanja Družbe za upravljanje terjatev bank, d. d., v povezavi z družbami in podjetji, katerih bančne terjatve so bile prenesene na Družbo za upravljanje terjatev bank, d. d. - Amandma: K predlogu priporočila 16.10.2015 [ZL - Poslanska skupina Združena levica]|,Komisija za nadzor javnih financ;Odbor za finance in monetarno politiko
12. redna seja,Sklep o razrešitvi podpredsednice in imenovanju podpredsednika Odbora za zunanjo politiko - Glasovanje o aktu v celoti,Proceduralna glasovanja
12. redna seja,|Zakon o ratifikaciji Sporazuma med Vlado Republike Slovenije, Vlado Madžarske in Vlado Italijanske republike o večnacionalnih silah kopenske vojske - Glasovanje o zakonu v celoti|,Odbor za obrambo;Odbor za zunanjo politiko
11. redna seja,Zakon o dopolnitvi Zakona o varstvu kulturne dediščine - Evidenčni sklep o primernosti predloga zakona ,Odbor za kulturo
11. redna seja,Resolucija o dolgoročnem razvojnem programu policije do leta 2025 - Glasovanje,|Odbor za notranje zadeve, javno upravo in lokalno samoupravo|
11. redna seja,Zakon o spremembah in dopolnitvah Zakona o preprečevanju omejevanja konkurence - Glasovanje o zakonu v celoti,Odbor za gospodarstvo
11. redna seja,Zakon o spremembah in dopolnitvah Zakona o morskem ribištvu - Glasovanje o zakonu v celoti,|Odbor za kmetijstvo, gozdarstvo in prehrano|
11. redna seja,Zakon o spremembi in dopolnitvi Zakona o stvarnem premoženju države in samoupravnih lokalnih skupnosti - Glasovanje o zakonu v celoti,|Odbor za notranje zadeve, javno upravo in lokalno samoupravo|
11. redna seja,Zakon o nematerializiranih vrednostnih papirjih - Glasovanje o zakonu v celoti,Odbor za finance in monetarno politiko
11. redna seja,Zakon o nematerializiranih vrednostnih papirjih - Amandma: K 48. členu 23.9.2015 [SDS - Poslanska skupina Slovenske demokratske stranke],Odbor za finance in monetarno politiko
11. redna seja,Zakon o nematerializiranih vrednostnih papirjih - Amandma: K 48. členu 24.9.2015 [NP - Poslanska skupina nepovezanih poslancev],Odbor za finance in monetarno politiko
11. redna seja,Zakon o ratifikaciji Okvirnega sporazuma o partnerstvu in sodelovanju med Evropsko unijo in njenimi državami članicami na eni strani ter Mongolijo na drugi strani - Glasovanje o zakonu v celoti,Odbor za zunanjo politiko
11. redna seja,Zakon o ratifikaciji Sporazuma o nabavi in vzajemnih storitvah (USA-SVN-02) med Ministrstvom za obrambo Republike Slovenije in Ministrstvom za obrambo Združenih držav Amerike - Glasovanje o zakonu v celoti,Odbor za obrambo;Odbor za zunanjo politiko
11. redna seja,Zakon o ratifikaciji Sporazuma o prenosu in vzajemnosti prispevkov v okviru enotnega sklada za reševanje - Glasovanje o zakonu v celoti,Odbor za finance in monetarno politiko;Odbor za zunanjo politiko
11. redna seja,Zakon o ratifikaciji Sporazuma med Vlado Republike Slovenije in Vlado Republike Makedonije o policijskem sodelovanju - Glasovanje o zakonu v celoti,|Odbor za notranje zadeve, javno upravo in lokalno samoupravo;Odbor za zunanjo politiko|
11. redna seja,Zakon o ratifikaciji Sporazuma med Vlado Republike Slovenije in Vlado Republike Kosovo o policijskem sodelovanju - Glasovanje o zakonu v celoti,|Odbor za notranje zadeve, javno upravo in lokalno samoupravo;Odbor za zunanjo politiko|
11. redna seja,Zakon o ratifikaciji Dogovora med Vlado Republike Slovenije in Vlado Avstralije o programu delovnih in počitniških vizumov - Glasovanje o zakonu v celoti,Odbor za zunanjo politiko
11. redna seja,Zakon o ratifikaciji Pogodbe med Republiko Slovenijo in Republiko Srbijo o pravni pomoči v civilnih in kazenskih zadevah - Glasovanje o zakonu v celoti,Odbor za pravosodje;Odbor za zunanjo politiko
10. redna seja,Zakon o davčnem potrjevanju računov - Glasovanje o zakonu v celoti,Odbor za finance in monetarno politiko
10. redna seja,Predlog sklepa (razprava o odgovoru ministra za pravosodje mag. Gorana Klemenčiča na poslansko vprašanje dr. Vinka Gorenaka v zvezi z razpisi sodnih obravnav v času sodnih počitnic),Proceduralna glasovanja
10. redna seja,|Predlog sklepa (razprava o odgovoru ministra za pravosodje mag. Gorana Klemenčiča na poslansko vprašanje Anje Bah Žibert v zvezi z uresničevanjem priporočil, ki jih je v pregledu stanja na področju pravosodja v Evropski uniji za Republiko Slovenijo za leto 2015 dala Evropska unija)|,Proceduralna glasovanja
10. redna seja,Predlog sklepa (razprava o odgovoru generalnega sekretarja Vlade mag. Darka Krašovca na poslansko vprašanje Mihe Kordiša v zvezi z državno pomočjo Novi ljubljanski banki),Proceduralna glasovanja
10. redna seja,Predlog sklepa (razprava o odgovoru ministra za gospodarski razvoj in tehnologijo Zdravka Počivalška na poslansko vprašanje dr. Franca Trčka v zvezi z razvojno nepodporo problemskim področjem),Proceduralna glasovanja
10. redna seja,Predlog sklepa (razprava o odgovoru ministrice za okolje in prostor Irene Majcen na poslansko vprašanje Zvonka Laha v zvezi s prostorsko zakonodajo),Proceduralna glasovanja
10. redna seja,Predlog sklepa (razprava o odgovoru ministrice za okolje in prostor Irene Majcen na poslansko vprašanje Tomaža Lisca v zvezi z urejanjem problematike dimnikarstva),Proceduralna glasovanja
10. redna seja,|Predlog sklepa (razprava o odgovoru ministra za kmetijstvo, gozdarstvo in prehrano mag. Dejana Židana na poslansko vprašanje Violete Tomić v zvezi s kobilarno Lipica in družbo Lipica Turizem, d.o.o.)|,Proceduralna glasovanja
10. redna seja,Predlog sklepa (razprava o odgovoru ministra za pravosodje mag. Gorana Klemenčiča na poslansko vprašanje Andreja Čuša v zvezi z zagotavljanjem načela enakosti državljank in državljanov ter njihovih ustavnih pravic v primeru odškodninskih tožb),Proceduralna glasovanja
10. redna seja,Predlog sklepa (razprava o odgovoru ministra za finance dr. Dušana Mramorja na poslansko vprašanje mag. Andreja Širclja v zvezi s posledicami odločitev glede Grčije),Proceduralna glasovanja
10. redna seja,Predlog sklepa (razprava o odgovoru ministrice za zdravje Marije Milojke Kolar Celarc ter ministra za pravosodje mag. Gorana Klemenčiča na poslansko vprašanje Jerneja Vrtovca v zvezi s pregonom korupcije v zdravstvenem sistemu),Proceduralna glasovanja
10. redna seja,Predlog sklepa (razprava o odgovoru ministrice za notranje zadeve mag. Vesne Györkös Žnidar ter ministra za pravosodje mag. Gorana Klemenčiča na poslansko vprašanje dr. Vinka Gorenaka v zvezi s postopki zoper domnevne organizatorje in nasilneže na demonstracijah leta 2012/2013),Proceduralna glasovanja
10. redna seja,|Predlog sklepa (razprava o odgovoru ministra za pravosodje mag. Gorana Klemenčiča na poslansko vprašanje dr. Vinka Gorenaka v zvezi s postopki Ministrstva za pravosodje po objavi poročila Komisije za preprečevanje korupcije, vezanega na koruptivno ravnanje generalnega državnega tožilca)|,Proceduralna glasovanja
10. redna seja,Predlog sklepa (razprava o odgovoru predsednika Vlade dr. Mira Cerarja na poslansko vprašanje mag. Mateja Tonina v zvezi z davčnim sistemom),Proceduralna glasovanja
10. redna seja,Predlog sklepa (razprava o odgovoru predsednika Vlade dr. Mira Cerarja na poslansko vprašanje Luke Mesca v zvezi z napovedano ukinitvijo 50-odstotnega dohodninskega razreda),Proceduralna glasovanja
9. redna seja,Zakon o spremembah in dopolnitvah Zakona o državnem tožilstvu - Evidenčni sklep o primernosti predloga zakona 22.6.2015,Odbor za pravosodje
9. redna seja,Zakon o spremembi Zakona o uveljavljanju pravic iz javnih sredstev - Evidenčni sklep o primernosti predloga zakona ,|Odbor za delo, družino, socialne zadeve in invalide|
9. redna seja,Zakon o dopolnitvi Zakona o pokojninskem in invalidskem zavarovanju - Evidenčni sklep o primernosti predloga zakona ,|Odbor za delo, družino, socialne zadeve in invalide;Odbor za finance in monetarno politiko|
9. redna seja,Zakon o načinu izvršitve sodbe Evropskega sodišča za človekove pravice v zadevi številka 60642/08 - Glasovanje o zakonu v celoti,Odbor za finance in monetarno politiko;Odbor za zunanjo politiko
9. redna seja,Zakon o načinu izvršitve sodbe Evropskega sodišča za človekove pravice v zadevi številka 60642/08 - Amandma: K 23. členu 22.6.2015 [SDS - Poslanska skupina Slovenske demokratske stranke],Odbor za finance in monetarno politiko;Odbor za zunanjo politiko
9. redna seja,Zakon o načinu izvršitve sodbe Evropskega sodišča za človekove pravice v zadevi številka 60642/08 - Amandma: K 20. členu 19.6.2015 [ZL - Poslanska skupina Združena levica],Odbor za finance in monetarno politiko;Odbor za zunanjo politiko
9. redna seja,Zakon o načinu izvršitve sodbe Evropskega sodišča za človekove pravice v zadevi številka 60642/08 - Amandma: K 19. členu 22.6.2015 [SDS - Poslanska skupina Slovenske demokratske stranke],Odbor za finance in monetarno politiko;Odbor za zunanjo politiko
9. redna seja,Zakon o načinu izvršitve sodbe Evropskega sodišča za človekove pravice v zadevi številka 60642/08 - Amandma: K 12. členu 19.6.2015 [ZL - Poslanska skupina Združena levica],Odbor za finance in monetarno politiko;Odbor za zunanjo politiko
9. redna seja,Zakon o načinu izvršitve sodbe Evropskega sodišča za človekove pravice v zadevi številka 60642/08 - Amandma: K 7. členu 19.6.2015 [ZL - Poslanska skupina Združena levica],Odbor za finance in monetarno politiko;Odbor za zunanjo politiko
9. redna seja,Zakon o načinu izvršitve sodbe Evropskega sodišča za človekove pravice v zadevi številka 60642/08 - Amandma: K 1. členu 22.6.2015 [SDS - Poslanska skupina Slovenske demokratske stranke],Odbor za finance in monetarno politiko;Odbor za zunanjo politiko
9. redna seja,|Sklep o sestavi in imenovanju predsednika, podpredsednika, članov in namestnikov članov Preiskovalne komisije o ugotavljanju zlorab v slovenskem bančnem sistemu ter ugotavljanju vzrokov in odgovornosti za že drugo sanacijo bančnega sistema v samostojni Sloveniji - Glasovanje|,Mandatno-volilna komisija
9. redna seja,Predlog za imenovanje članov strokovnega sveta Agencije za zavarovalni nadzor - Glasovanje,Mandatno-volilna komisija
9. redna seja,|Zahteva Okrožnega sodišča v Ljubljani, Preiskovalni oddelek za dovoljenje Državnega zbora za začetek kazenskega postopka zoper poslanca Janka Vebra - Glasovanje|,Mandatno-volilna komisija
9. redna seja,|Sklep o spremembi Sklepa o sestavi in imenovanju predsednika, članov in namestnikov članov Preiskovalne komisije za ugotavljanje politične odgovornosti nosilcev javnih funkcij pri investiciji v blok 6 Termoelektrarne Šoštanj - Glasovanje|,Mandatno-volilna komisija
9. redna seja,Predlog za izvolitev v sodniško funkcijo na sodniško mesto okrajnega sodnika na Okrajnem sodišču v Kranju - Glasovanje,Mandatno-volilna komisija
8. redna seja,Zakon o ratifikaciji Sporazuma med Republiko Slovenijo in Kraljevino Španijo o izmenjavi in medsebojnem varovanju tajnih podatkov - Glasovanje,Odbor za zunanjo politiko
8. redna seja,|Priporočilo Zavodu za zdravstveno zavarovanje Slovenije (ZZZS) v zvezi z neizvedbo sklepov vlade, večjo transparentnostjo plačil in pripravo sistemskih rešitev učinkovitega nadzora nad izvajanjem zdravstvenih storitev - Evidenčni sklep MDT |,Odbor za zdravstvo
8. redna seja,Zakon o pridobivanju in presaditvi delov človeškega telesa zaradi zdravljenja - Evidenčni sklep o primernosti predloga zakona ,Odbor za zdravstvo
8. redna seja,Zakon o spremembah in dopolnitvah Zakona o omejevanju porabe alkohola - Evidenčni sklep MDT ,Odbor za zdravstvo
8. redna seja,Zakon o spremembah in dopolnitvah Zakona o sodelovanju v kazenskih zadevah z državami članicami Evropske unije - Glasovanje o zakonu v celoti,Odbor za pravosodje
4. izredna seja,Predlog za imenovanje namestnika varuhinje človekovih pravic - Glasovanje,Mandatno-volilna komisija
8. redna seja,Predlog sklepa (razprava o odgovoru ministrice za notranje zadeve mag. Vesne Györkös Žnidar na poslansko vprašanje Anje Bah Žibert v zvezi z zagotavljanjem enake obravnave pri vzdrževanju javnega reda ter varovanja življenja in osebne varnosti na javnih prireditvah,Proceduralna glasovanja
8. redna seja,|Predlog sklepa (razprava o odgovoru ministra za kmetijstvo, gozdarstvo in prehrano mag. Dejana Židana na poslansko vprašanje Andreja Čuša v zvezi z Uredbo za mlade kmete|,Proceduralna glasovanja
8. redna seja,Predlog sklepa (razprava o odgovoru ministra za finance dr. Dušana Mramorja na poslansko vprašanje Mihe Kordiša v zvezi s predstavniki Mednarodnega denarnega sklada),Proceduralna glasovanja
8. redna seja,Predlog sklepa (razprava o odgovoru ministra za infrastrukturo dr. Petra Gašperšiča na poslansko vprašanje Zvonka Laha v zvezi s sofinanciranjem električne energije iz obnovljivih virov),Proceduralna glasovanja
8. redna seja,Predlog sklepa (razprava o odgovoru ministra za finance dr. Dušana Mramorja na poslansko vprašanje Franca Breznika v zvezi s trošarinsko politiko.,Proceduralna glasovanja
8. redna seja,Predlog sklepa (razprava o odgovoru ministra za infrastrukturo dr. Petra Gašperšiča na poslansko vprašanje Matjaža Hanžka v zvezi z obratovanjem bloka 6 Termoelektrarne Šoštanj),Proceduralna glasovanja
8. redna seja,Predlog sklepa (razprava o odgovoru ministra za finance dr. Dušana Mramorja na poslansko vprašanje mag. Marka Pogačnika v zvezi s poravnavanjem zakonskih obveznosti Slovenskega državnega holdinga),Proceduralna glasovanja
8. redna seja,Predlog sklepa (razprava o odgovoru ministra za finance dr. Dušana Mramorja na poslansko vprašanje mag. Anžeta Logarja v zvezi z izpolnitvijo napovedi iz Načrta razvojnih programov za leto 2016),Proceduralna glasovanja
8. redna seja,Predlog sklepa (razprava o odgovoru ministra za finance dr. Dušana Mramorja na poslansko vprašanje Luke Mesca v zvezi z vlogo sklada Cinven ter nemškega Telekoma pri postopkih privatizacije družbe Telekom,Proceduralna glasovanja
7. redna seja,Zakon o upravljavcih alternativnih investicijskih skladov - Glasovanje o zakonu v celoti,Odbor za finance in monetarno politiko
7. redna seja,Soglasje k imenovanju generalnega direktorja Zavoda za zdravstveno zavarovanje Slovenije - Glasovanje,Proceduralna glasovanja
7. redna seja,|Sklep o imenovanju podpredsednika Odbora za izobraževanje, znanost, šport in mladino - Glasovanje|,Proceduralna glasovanja
7. redna seja,Zakon o dopolnitvi Zakona o odvetništvu - Evidenčni sklep o primernosti predloga zakona 24.4.2015,Odbor za pravosodje
7. redna seja,Zakon o dopolnitvi Zakona o notariatu - Evidenčni sklep o primernosti predloga zakona ,Odbor za pravosodje
7. redna seja,Zakon o spremembah Zakona o socialno varstvenih prejemkih - Evidenčni sklep o primernosti predloga zakona ,|Odbor za delo, družino, socialne zadeve in invalide;Odbor za finance in monetarno politiko|
7. redna seja,Zakon o spremembi Zakona o subvencioniranju študentske prehrane - Evidenčni sklep o primernosti predloga zakona ,|Odbor za delo, družino, socialne zadeve in invalide|
7. redna seja,Zakon o spremembah Zakona o kolektivnem dodatnem pokojninskem zavarovanju za javne uslužbence - Glasovanje o zakonu v celoti,|Odbor za delo, družino, socialne zadeve in invalide|
7. redna seja,Zakon o spremembi Zakona o kmetijstvu - Glasovanje o zakonu v celoti,|Odbor za kmetijstvo, gozdarstvo in prehrano|
7. redna seja,Zakon o dopolnitvi Zakona o bančništvu - Evidenčni sklep o primernosti predloga zakona ,Odbor za finance in monetarno politiko
7. redna seja,Zakon o spremembah in dopolnitvah Zakona o zbirkah podatkov s področja zdravstvenega varstva - Evidenčni sklep o primernosti predloga zakona ,Odbor za zdravstvo
7. redna seja,Zakon o spremembah Zakona o zunanjih zadevah - Glasovanje o zakonu v celoti,Odbor za zunanjo politiko
7. redna seja,|Predlog za odreditev parlamentarne preiskave za spremembo zakonodaje ter za druge odločitve Državnega zbora iz njegove pristojnosti ter za ugotovitev in oceno dejanskega stanja za ugotovitev politične odgovornosti nosilcev javnih funkcij zaradi suma, da so sodelovali pri nadzoru slovenskega bančnega sistema in pri posrednem ali neposrednem vplivanju preko državnega lastništva oziroma preko državnih organov in regulatorjev na odločitve v slovenskem bančnem sistemu v zvezi z odobritvijo odpisanih kreditov, unovčenih garancij, posojilne politike in prenosa slabih terjatev na posebno družbo za upravljanje terjatev bank ter spoštovanje veljavnih zakonov ter predpisov pri odobravanju in upravljanju s krediti ter bančnimi garancijami in zaradi suma, da so nastale še neugotovljene negativne posledice takšnih ravnanj - Glasovanje|,Proceduralna glasovanja
7. redna seja,Predlog sklepa (razprava o odgovoru ministrice za okolje in prostor Irene Majcen na poslansko vprašanje Tomaža Lisca v zvezi z urejanjem plovnosti slovenskih rek),Proceduralna glasovanja
7. redna seja,Predlog sklepa (razprava o odgovoru ministrice za okolje in prostor Irene Majcen na poslansko vprašanje Danijela Krivca v zvezi s služnostjo na vodnih in priobalnih zemljiščih v lasti države),Proceduralna glasovanja
6. redna seja,Zakon o bančništvu - Glasovanje o zakonu v celoti,Odbor za finance in monetarno politiko
6. redna seja,Zakon o bančništvu - Uskladitveni amandma : K 53. in 402. členu 31.3.2015 [V - Vlada],Odbor za finance in monetarno politiko
6. redna seja,Predlog sklepa za razpravo o odgovoru ministra za finance dr. Dušana Mramorja na poslansko vprašanje Ljuba Žnidarja v zvezi s povračilom stroškov cestninskega nadzora,Proceduralna glasovanja
6. redna seja,Predlog sklepa za razpravo o odgovoru ministrice za zdravje Marije Milojke Kolar Celarc na poslansko vprašanje Mihe Kordiša v zvezi z Uradnim kontrolnim laboratorijem Javne agencije za zdravila in medicinske pripomočke,Proceduralna glasovanja
6. redna seja,Predlog sklepa za razpravo o odgovoru ministra za finance dr. Dušana Mramorja na poslansko vprašanje Marijana Pojbiča v zvezi z davčnimi blagajnami,Proceduralna glasovanja
6. redna seja,Predlog sklepa za razpravo o odgovoru ministrice za zdravje Marije Milojke Kolar Celarc na poslansko vprašanje Jerneja Vrtovca v zvezi s čakalnimi vrstami v zdravstvu,Proceduralna glasovanja
6. redna seja,Predlog sklepa za razpravo o odgovoru ministra za finance dr. Dušana Mramorja na poslansko vprašanje mag. Anžeta Logarja v zvezi z lastniki podrejenih finančnih instrumentov,Proceduralna glasovanja
6. redna seja,Predlog sklepa za razpravo o odgovoru ministrice za okolje in prostor Irene Majcen na poslansko vprašanje Matjaža Hanžka v zvezi z monitoringom slovenskih površinskih in podzemnih voda ter morja,Proceduralna glasovanja
6. redna seja,Predlog sklepa za razpravo o odgovoru ministra za pravosodje mag. Gorana Klemenčiča na poslansko vprašanje Eve Irgl glede integritete in spoštovanja zakonodaje,Proceduralna glasovanja
6. redna seja,|Predlog sklepa za razpravo o odgovoru ministra za pravosodje mag. Gorana Klemenčiča na poslansko vprašanje dr. Vinka Gorenaka v zvezi z ustavno zakonskimi določili in razmerji med Vrhovnim sodiščem RS in Sodnim svetom, ter med Vrhovnim državnim tožilstvom in Državnotožilskim svetom ter Vlado RS oziroma Ministrstvom za pravosodje|,Proceduralna glasovanja
6. redna seja,|Predlog sklepa za razpravo o odgovoru ministrice za okolje in prostor Irene Majcen ter ministrice brez resorja, pristojne za razvoj, strateške projekte in kohezijo Alenke Smerkolj na poslansko vprašanje Zvonka Laha v zvezi z enajstimi okoljskimi projekti|,Proceduralna glasovanja
6. redna seja,Predlog sklepa za razpravo o odgovoru ministrice za zdravje Marije Milojke Kolar Celarc na poslansko vprašanje Nade Brinovšek v zvezi s projektom reorganizacije službe nujne medicinske pomoči,Proceduralna glasovanja
6. redna seja,Predlog sklepa za razpravo o odgovoru ministra za finance dr. Dušana Mramorja na poslansko vprašanje Luke Mesca v zvezi s tiho privatizacijo,Proceduralna glasovanja
6. redna seja,Predlog sklepa za razpravo o odgovoru predsednika Vlade dr. Mira Cerarja na poslansko vprašanje mag. Mateja Tonina v zvezi z ukrepi Vlade za prestrukturiranje podjetij,Proceduralna glasovanja
6. redna seja,Predlog sklepa za razpravo o odgovoru predsednika Vlade dr. Mira Cerarja na poslansko vprašanje Violete Tomić v zvezi s povračilom vojne škode,Proceduralna glasovanja
5. redna seja,Zakon o spremembah in dopolnitvah Zakona o eksplozivih in pirotehničnih izdelkih - Glasovanje o zakonu v celoti,|Odbor za notranje zadeve, javno upravo in lokalno samoupravo|
5. redna seja,Predlog sklepa v zvezi z (ne)učinkovitostjo uporabe evropskih sredstev za zaščito pred poplavami - Glasovanje o aktu v celoti,Komisija za nadzor javnih financ
5. redna seja,Predlog sklepa v zvezi z (ne)učinkovitostjo uporabe evropskih sredstev za zaščito pred poplavami - Amandma: K sklepu 27.2.2015 [SDS - Poslanska skupina Slovenske demokratske stranke],Komisija za nadzor javnih financ
5. redna seja,Zakon o dopolnitvah Zakona o sodelovanju med državnim zborom in vlado v zadevah Evropske unije - Evidenčni sklep o primernosti predloga zakona ,Odbor za zadeve Evropske unije
5. redna seja,Zakon o spremembah in dopolnitvah Kazenskega zakonika - Evidenčni sklep o primernosti predloga zakona ,Odbor za pravosodje
5. redna seja,Odlok o spremembah in dopolnitvah Odloka o ustanovitvi samostojnega visokošolskega zavoda Fakultete za informacijske študije v Novem mestu - Glasovanje o aktu v celoti,|Odbor za izobraževanje, znanost, šport in mladino|
5. redna seja,Odlok o spremembah in dopolnitvah Odloka o ustanovitvi Univerze na Primorskem - Glasovanje o aktu v celoti,|Odbor za izobraževanje, znanost, šport in mladino|
5. redna seja,Odlok o spremembah in dopolnitvah Odloka o preoblikovanju Univerze v Mariboru - Glasovanje o aktu v celoti,|Odbor za izobraževanje, znanost, šport in mladino|
5. redna seja,Zakon o spremembah in dopolnitvah Zakona o tujcih - Glasovanje o zakonu v celoti,|Odbor za notranje zadeve, javno upravo in lokalno samoupravo|
5. redna seja,Zakon o spremembah in dopolnitvah Zakona o tujcih - Amandma: K 1. členu 24.2.2015 [NSi - Poslanska skupina Nove Slovenije - krščanskih demokratov],|Odbor za notranje zadeve, javno upravo in lokalno samoupravo|
5. redna seja,Zakon o spremembi Zakona o elektronskem poslovanju na trgu - Glasovanje o zakonu v celoti,|Odbor za izobraževanje, znanost, šport in mladino|
5. redna seja,Zakon o spremembah in dopolnitvah Zakona o brezplačni pravni pomoči - Glasovanje o zakonu v celoti,Odbor za pravosodje
5. redna seja,Zakon o spremembah in dopolnitvah Zakona o brezplačni pravni pomoči - Amandma: K 31. členu 24.2.2015 [SDS - Poslanska skupina Slovenske demokratske stranke],Odbor za pravosodje
5. redna seja,Zakon o spremembah in dopolnitvah Zakona o brezplačni pravni pomoči - Amandma: K 23. členu 24.2.2015 [SDS - Poslanska skupina Slovenske demokratske stranke],Odbor za pravosodje
5. redna seja,Zakon o spremembah in dopolnitvah Zakona o državnem tožilstvu - Glasovanje o zakonu v celoti,Odbor za pravosodje
4. redna seja,|Obvestilo Okrožnega sodišča v Ljubljani, Kazenski oddelek o vloženi zasebni tožbi zoper poslanca Ivana (Janeza) Janšo - Glasovanje|,Mandatno-volilna komisija
4. redna seja,|Obvestilo Okrožnega sodišča v Ljubljani, Kazenski oddelek o vloženi obtožnici zoper poslanca Ivana (Janeza) Janšo - Glasovanje|,Mandatno-volilna komisija
4. redna seja,|Obvestilo Okrožnega sodišča v Ljubljani, Preiskovalni oddelek, o uvedbi kazenskega postopka zoper poslanca Ivana Janšo - Glasovanje|,Mandatno-volilna komisija
4. redna seja,Sklep o imenovanju predsednika in devetih članov Nadzornega odbora Sklada za financiranje razgradnje Nuklearne elektrarne Krško in odlaganja radioaktivnih odpadkov iz Nuklearne elektrarne Krško - Glasovanje,Mandatno-volilna komisija
4. redna seja,Predlogi za izvolitev v sodniško funkcijo na sodniško mesto okrožne sodnice na Delovnem in socialnem sodišču v Ljubljani - Glasovanje o sklepu - mag. Katja Pešl Tacol,Mandatno-volilna komisija
4. redna seja,Predlogi za izvolitev v sodniško funkcijo na sodniško mesto okrožne sodnice na Delovnem in socialnem sodišču v Ljubljani - Glasovanje o sklepu - Urška Kržan Barič,Mandatno-volilna komisija
4. redna seja,Predlogi za izvolitev v sodniško funkcijo na sodniško mesto okrožne sodnice na Delovnem in socialnem sodišču v Ljubljani - Glasovanje o sklepu - Anja Bizjak,Mandatno-volilna komisija
4. redna seja,Predlog za izvolitev v sodniško funkcijo na sodniško mesto višje sodnice na Višjem sodišču v Celju - Glasovanje,Mandatno-volilna komisija
4. redna seja,Predlog za imenovanje namestnika varuhinje človekovih pravic - Glasovanje,Mandatno-volilna komisija
4. redna seja,|Zakon o ratifikaciji Konvencije o omejitvi odgovornosti za pomorske terjatve, 1976 in Protokola iz leta 1996, ki spreminja Konvencijo o omejitvi odgovornosti za pomorske terjatve, 1976 - Glasovanje o zakonu v celoti|,|Odbor za finance in monetarno politiko;Odbor za infrastrukturo, okolje in prostor;Odbor za pravosodje;Odbor za zunanjo politiko|
4. redna seja,Zakon o ratifikaciji Sporazuma o partnerstvu in sodelovanju med Evropsko unijo in njenimi državami članicami na eni strani ter Republiko Irak na drugi strani - Glasovanje o zakonu v celoti,Odbor za zadeve Evropske unije
4. redna seja,Zakon o ratifikaciji Memoranduma o spremembah Memoranduma o soglasju med Vlado Republike Slovenije in Vlado Združenih držav Amerike o Fulbrightovem programu izmenjav - Glasovanje o zakonu v celoti,|Odbor za izobraževanje, znanost, šport in mladino;Odbor za zunanjo politiko|
4. redna seja,Zakon o ratifikaciji Sporazuma med Ministrstvom za obrambo Republike Slovenije in Ministrstvom za narodno obrambo Republike Litve o sodelovanju na obrambnem področju - Glasovanje o zakonu v celoti,Odbor za obrambo
4. redna seja,Zakon o ratifikaciji Sporazuma med Republiko Slovenijo in Združenimi državami Amerike o sodelovanju na obrambnem in vojaškem področju - Glasovanje o zakonu v celoti,Odbor za obrambo;Odbor za zunanjo politiko
4. redna seja,Priporočilo v zvezi z upravljanjem državnega premoženja v Družbi za upravljanje terjatev bank d.d. - Glasovanje o aktu v celoti,Komisija za nadzor javnih financ;Odbor za finance in monetarno politiko
3. redna seja,Predlog za izvolitev v sodniško funkcijo na sodniško mesto okrožne sodnice na Okrožnem sodišču v Krškem - Glasovanje,Mandatno-volilna komisija
3. redna seja,|Sklep o izvolitvi predsednika, podpredsednika in članov Komisije za nadzor obveščevalnih in varnostnih služb - Glasovanje o aktu v celoti|,Proceduralna glasovanja
3. redna seja,Zakon o ratifikaciji Protokola št. 16 h Konvenciji o varstvu človekovih pravic in temeljnih svoboščin - Glasovanje,Odbor za pravosodje;Odbor za zunanjo politiko
3. redna seja,Zakon o ratifikaciji Konvencije Sveta Evrope o preprečevanju nasilja nad ženskami in nasilja v družini ter o boju proti njima - Glasovanje,|Odbor za delo, družino, socialne zadeve in invalide;Odbor za zunanjo politiko|
3. redna seja,Zakon o spremembi in dopolnitvi Zakona o delovnih razmerjih - Evidenčni sklep o primernosti predloga zakona 19.12.2014,|Odbor za delo, družino, socialne zadeve in invalide|
3. redna seja,Zakon o spremembi in dopolnitvi Zakona o delovnih razmerjih - Evidenčni sklep o primernosti predloga zakona 19.12.2014,|Odbor za delo, družino, socialne zadeve in invalide|
3. redna seja,Zakon o fiskalnem pravilu - Evidenčni sklep o primernosti predloga zakona 19.12.2014,Odbor za finance in monetarno politiko
3. redna seja,Zakon o fiskalnem pravilu - Evidenčni sklep o primernosti predloga zakona 19.12.2014,Odbor za finance in monetarno politiko
3. redna seja,Zakon o dopolnitvi Kazenskega zakonika - Evidenčni sklep o primernosti predloga zakona 19.12.2014,Odbor za pravosodje
3. redna seja,Zakon o dopolnitvi Kazenskega zakonika - Evidenčni sklep o primernosti predloga zakona 19.12.2014,Odbor za pravosodje
3. redna seja,Zakon o dopolnitvah Zakona o graditvi objektov - Evidenčni sklep MDT 17.12.2014,|Odbor za infrastrukturo, okolje in prostor|
3. redna seja,Zakon o dopolnitvah Zakona o graditvi objektov - Evidenčni sklep MDT 17.12.2014,|Odbor za infrastrukturo, okolje in prostor|
3. redna seja,Zakon o dopolnitvah Zakona o odvetništvu - Glasovanje o zakonu v celoti,Odbor za pravosodje
3. redna seja,Zakon o dopolnitvah Zakona o odvetništvu - Amandma: K 4.a členu 17.12.2014 [SDS - Poslanska skupina Slovenske demokratske stranke],Odbor za pravosodje
3. redna seja,Zakon o dopolnitvah Zakona o odvetništvu - Amandma: K 4.a členu 17.12.2014 [SDS - Poslanska skupina Slovenske demokratske stranke],Odbor za pravosodje
3. redna seja,Zakon o organu in skladu za reševanje bank - Glasovanje o zakonu v celoti,Odbor za finance in monetarno politiko
3. redna seja,Zakon o organu in skladu za reševanje bank - Amandma: K 15. členu 17.12.2014 [SDS - Poslanska skupina Slovenske demokratske stranke],Odbor za finance in monetarno politiko
3. redna seja,Zakon o organu in skladu za reševanje bank - Amandma: K 15. členu 17.12.2014 [SDS - Poslanska skupina Slovenske demokratske stranke],Odbor za finance in monetarno politiko
3. redna seja,Zakon o organu in skladu za reševanje bank - Amandma: K 14. členu 17.12.2014 [SDS - Poslanska skupina Slovenske demokratske stranke],Odbor za finance in monetarno politiko
3. redna seja,Zakon o organu in skladu za reševanje bank - Amandma: K 14. členu 17.12.2014 [SDS - Poslanska skupina Slovenske demokratske stranke],Odbor za finance in monetarno politiko
3. redna seja,Zakon o spremembah in dopolnitvah Zakona o matični evidenci zavarovancev in uživalcev pravic iz obveznega pokojninskega in invalidskega zavarovanja - Glasovanje o zakonu v celoti,|Odbor za delo, družino, socialne zadeve in invalide|
3. redna seja,|Zakon o spremembah in dopolnitvah Zakona o matični evidenci zavarovancev in uživalcev pravic iz obveznega pokojninskega in invalidskega zavarovanja - Amandma k 8. členu, 12.12.2014 [SMC - Poslanska skupina Stranke Mira Cerarja]|,|Odbor za delo, družino, socialne zadeve in invalide|
3. redna seja,|Zakon o spremembah in dopolnitvah Zakona o matični evidenci zavarovancev in uživalcev pravic iz obveznega pokojninskega in invalidskega zavarovanja - Amandma k 8. členu, 12.12.2014 [SMC - Poslanska skupina Stranke Mira Cerarja]|,|Odbor za delo, družino, socialne zadeve in invalide|
2. redna seja,Sklep o imenovanju člana Slovenske nacionalne komisije za UNESCO - Glasovanje,Mandatno-volilna komisija
2. redna seja,Sklep o imenovanju predsednika in dveh članov Upravnega odbora Sklada za financiranje razgradnje NEK in za odlaganje radioaktivnih odpadkov iz NEK - Glasovanje,Mandatno-volilna komisija
2. redna seja,Sklep o imenovanju članice Državne revizijske komisije - Glasovanje,Mandatno-volilna komisija
2. redna seja,Obvestilo Sodnega sveta o pravnomočni obsodilni sodbi zoper okrožnega sodnika svetnika na Okrožnem sodišču v Celju - Glasovanje,Mandatno-volilna komisija
2. redna seja,Uradno prečiščeno besedilo ,Proceduralna glasovanja
2. redna seja,|Zakon o ratifikaciji Sporazuma med Ministrstvom za notranje zadeve Republike Slovenije in Zvezno službo Ruske federacije za nadzor nad trgovino s prepovedanimi drogami o sodelovanju v boju proti nedovoljeni trgovini s prepovedanimi drogami, psihotropnimi snovmi in njihovimi predhodnimi sestavinami - Glasovanje|,|Odbor za notranje zadeve, javno upravo in lokalno samoupravo|
2. redna seja,Zakon o spremembah in dopolnitvah Zakona o kazenskem postopku - Glasovanje o zakonu v celoti,Odbor za pravosodje
2. redna seja,Zakon o spremembah in dopolnitvah Zakona o kazenskem postopku - Amandma: K 2. členu 11.11.2014 [SDS - Poslanska skupina Slovenske demokratske stranke],Odbor za pravosodje
2. redna seja,Zakon o spremembah in dopolnitvah Zakona o kazenskem postopku - Amandma: K 2. členu 11.11.2014 [SDS - Poslanska skupina Slovenske demokratske stranke],Odbor za pravosodje
2. redna seja,Zakon o spremembah in dopolnitvah Zakona o volitvah v Državni zbor - Evidenčni sklep MDT,Mandatno-volilna komisija
2. redna seja,Program dela in finančni načrt Agencije za energijo za leto 2015 - Glasovanje,|Odbor za infrastrukturo, okolje in prostor|
2. redna seja,Devetnajsto redno poročilo o delu Varuha človekovih pravic Republike Slovenije za leto 2013 - Glasovanje o predlogu sklepa,|Komisija za peticije ter za človekove pravice in enake možnosti;Odbor za infrastrukturo, okolje in prostor|
2. redna seja,Devetnajsto redno poročilo o delu Varuha človekovih pravic Republike Slovenije za leto 2013 - Amandma 11.11.2014 [SDS - Poslanska skupina Slovenske demokratske stranke],|Komisija za peticije ter za človekove pravice in enake možnosti;Odbor za infrastrukturo, okolje in prostor|
2. redna seja,Devetnajsto redno poročilo o delu Varuha človekovih pravic Republike Slovenije za leto 2013 - Amandma: 11.11.2014 [SDS - Poslanska skupina Slovenske demokratske stranke],|Komisija za peticije ter za človekove pravice in enake možnosti;Odbor za infrastrukturo, okolje in prostor|
2. redna seja,Devetnajsto redno poročilo o delu Varuha človekovih pravic Republike Slovenije za leto 2013 - Amandma: 11.11.2014 [SDS - Poslanska skupina Slovenske demokratske stranke],|Komisija za peticije ter za človekove pravice in enake možnosti;Odbor za infrastrukturo, okolje in prostor|
2. redna seja,Devetnajsto redno poročilo o delu Varuha človekovih pravic Republike Slovenije za leto 2013 - Amandma: 11.11.2014 [SDS - Poslanska skupina Slovenske demokratske stranke],|Komisija za peticije ter za človekove pravice in enake možnosti;Odbor za infrastrukturo, okolje in prostor|
2. redna seja,Devetnajsto redno poročilo o delu Varuha človekovih pravic Republike Slovenije za leto 2013 - Amandma: 11.11.2014 [SDS - Poslanska skupina Slovenske demokratske stranke],|Komisija za peticije ter za človekove pravice in enake možnosti;Odbor za infrastrukturo, okolje in prostor|
2. redna seja,Devetnajsto redno poročilo o delu Varuha človekovih pravic Republike Slovenije za leto 2013 - Amandma: 11.11.2014 [SDS - Poslanska skupina Slovenske demokratske stranke],|Komisija za peticije ter za človekove pravice in enake možnosti;Odbor za infrastrukturo, okolje in prostor|
2. redna seja,Predlog za razrešitev predsednika Državnega zbora - Glasovanje o sestavi komisije za tajno glasovanje,Proceduralna glasovanja
1. redna seja,Predlog za izvolitev predsednika Državnega zbora Republike Slovenije - Glasovanje o sestavi komisije,Proceduralna glasovanja
1. redna seja,Poročilo o izidu predčasnih volitev v Državni zbor Republike Slovenije - Glasovanje o predlogu sklepa,Proceduralna glasovanja
1. redna seja,Sklep o imenovanju predsednika in podpredsednika Mandatno-volilne komisije ,Proceduralna glasovanja
1. redna seja,Proceduralni predlog za prekinitev 1. točke dnevnega reda,Proceduralna glasovanja
1. redna seja,Dnevni red v celoti,Proceduralna glasovanja
34. izredna seja,Dnevni red v celoti,Proceduralna glasovanja
33. izredna seja,Zakon o ratifikaciji Protokola o pristopu Črne gore k Severnoatlantski pogodbi - Glasovanje o zakonu v celoti,Odbor za obrambo;Odbor za zunanjo politiko
33. izredna seja,Dnevni red v celoti,Proceduralna glasovanja
32. izredna seja,Dnevni red v celoti,Proceduralna glasovanja
31. izredna seja,|Proceduralni predlog (na podlagi 107. člena Ustave RS, da predsednik Republike Slovenije v roku 3 dni izreče mnenje o stanju pripravljenosti Slovenske Vojske)|,Proceduralna glasovanja
31. izredna seja,Dnevni red v celoti,Proceduralna glasovanja
30. izredna seja,Dnevni red v celoti,Proceduralna glasovanja
29. izredna seja,Dnevni red v celoti,Proceduralna glasovanja
29. izredna seja,Navzočnost,Proceduralna glasovanja
28. izredna seja,Priporočilo v zvezi z načrti Vlade za reševanje migrantske krize - Glasovanje o aktu v celoti,Komisija za nadzor obveščevalnih in varnostnih služb
28. izredna seja,Priporočilo v zvezi z načrti Vlade za reševanje migrantske krize - Amandma: K 1. točki 22.2.2016 [SMC - Poslanska skupina Stranke modernega centra],Komisija za nadzor obveščevalnih in varnostnih služb
28. izredna seja,Sklep o izvajanju izjemnih pooblastil Slovenske vojske pri širšem varovanju državne meje - Glasovanje o aktu v celoti,Odbor za obrambo
28. izredna seja,Sklep o izvajanju pooblastil Slovenske vojske pri širšem varovanju državne meje - Amandma: II. 22.2.2016 [SDS - Poslanska skupina Slovenske demokratske stranke],Odbor za obrambo
28. izredna seja,Dnevni red v celoti,Proceduralna glasovanja
27. izredna seja,Dnevni red v celoti,Proceduralna glasovanja
26. izredna seja,Dnevni red v celoti,Proceduralna glasovanja
25. izredna seja,Zakon o izvrševanju proračunov Republike Slovenije za leti 2016 in 2017 - Ponovno odločanje,Komisija za nadzor javnih financ
25. izredna seja,Dnevni red v celoti,Proceduralna glasovanja
24. izredna seja,Dnevni red v celoti,Proceduralna glasovanja
23. izredna seja,Sklep o zavrnitvi razpisa zakonodajnega referenduma o Zakonu o dopolnitvi Zakona o obrambi - Glasovanje o aktu v celoti,Proceduralna glasovanja
23. izredna seja,Odlok o razpisu zakonodajnega referenduma o Zakonu o spremembah in dopolnitvah Zakona o zakonski zvezi in družinskih razmerjih - Glasovanje,|Odbor za delo, družino, socialne zadeve in invalide|
23. izredna seja,Zakon o spremembi Zakona o organiziranosti in delu v policiji - Glasovanje o zakonu v celoti,|Odbor za notranje zadeve, javno upravo in lokalno samoupravo|
23. izredna seja,Zakon o spremembi Zakona o organiziranosti in delu v policiji - Amandma: K 1. členu 4.11.2015 [SDS - Poslanska skupina Slovenske demokratske stranke],|Odbor za notranje zadeve, javno upravo in lokalno samoupravo|
23. izredna seja,Zakon o spremembi Zakona o organiziranosti in delu v policiji - Amandma: K 1. členu 4.11.2015 [NP - Poslanska skupina nepovezanih poslancev],|Odbor za notranje zadeve, javno upravo in lokalno samoupravo|
23. izredna seja,Priporočilo Vladi RS v zvezi z neobvladljivimi razmerami na meji Republike Slovenije z Republiko Hrvaško in zahteva za mnenje predsednika republike Slovenije o tem vprašanju - Sklep,|Odbor za notranje zadeve, javno upravo in lokalno samoupravo|
23. izredna seja,Dnevni red v celoti,Proceduralna glasovanja
23. izredna seja,Širitev dnevnega reda,Proceduralna glasovanja
22. izredna seja,Zakon o dopolnitvi Zakona o obrambi - Amandma: K 1. členu 20.10.2015 [SDS - Poslanska skupina Slovenske demokratske stranke],Odbor za obrambo
22. izredna seja,Zakon o dopolnitvi Zakona o obrambi - Amandma: K 1. členu 20.10.2015 [SDS - Poslanska skupina Slovenske demokratske stranke],Odbor za obrambo
22. izredna seja,Dnevni red v celoti,Proceduralna glasovanja
21. izredna seja,Dnevni red v celoti,Proceduralna glasovanja
20. izredna seja,Sklep o imenovanju predsednika Odbora za obrambo - Sklep,Proceduralna glasovanja
20. izredna seja,Dnevni red v celoti,Proceduralna glasovanja
20. izredna seja,Sklep o imenovanju predsednika Odbora za obrambo - Glasovanje o širitvi dnevnega reda,Proceduralna glasovanja
19. izredna seja,Poročilo o ugotovljenih varnostnih vidikih aktualne begunske krize in ilegalnih migracij (TAJNO) - Glasovanje o aktu v celoti,Komisija za nadzor obveščevalnih in varnostnih služb
18. izredna seja,Zakon o omejevanju ali prepovedi pridelave gensko spremenjenih rastlin - Glasovanje o zakonu v celoti,|Odbor za infrastrukturo, okolje in prostor;Odbor za kmetijstvo, gozdarstvo in prehrano|
18. izredna seja,Dnevni red v celoti,Proceduralna glasovanja
17. izredna seja,Zakon o davčnem potrjevanju računov - Ponovno odločanje,Odbor za finance in monetarno politiko
17. izredna seja,Dnevni red v celoti,Proceduralna glasovanja
16. izredna seja,Zakon o pogojih za izvedbo ukrepa odpusta dolgov - Glasovanje o zakonu v celoti,|Odbor za delo, družino, socialne zadeve in invalide|
16. izredna seja,Zakon o spremembi Zakona o uveljavljanju pravic iz javnih sredstev - Glasovanje o zakonu v celoti,|Odbor za delo, družino, socialne zadeve in invalide|
16. izredna seja,Zakon o spremembi Zakona o uveljavljanju pravic iz javnih sredstev - Amandma: K 2. členu [ZL - Poslanska skupina Združena levica],|Odbor za delo, družino, socialne zadeve in invalide|
16. izredna seja,Zakon o spremembi Zakona o uveljavljanju pravic iz javnih sredstev - Amandma: K 1. členu [ZL - Poslanska skupina Združena levica],|Odbor za delo, družino, socialne zadeve in invalide|
16. izredna seja,|Predlog za imenovanje članov nadzornega sveta Slovenskega državnega holdinga, d.d. - Glasovanje|,Mandatno-volilna komisija
16. izredna seja,Proceduralni predlog na podlagi petega odstavka 67. člena Poslovnika Državnega zbora (vsak govornik razpravlja le enkrat),Proceduralna glasovanja
16. izredna seja,Dnevni red v celoti,Proceduralna glasovanja
16. izredna seja,Predlog za širitev dnevnega reda,Proceduralna glasovanja
15. izredna seja,Predlog priporočila v zvezi z izvajanjem službe nujne medicinske pomoči v Republiki Sloveniji - Glasovanje,Odbor za zdravstvo
15. izredna seja,Predlog priporočila v zvezi z izvajanjem službe nujne medicinske pomoči v Republiki Sloveniji - Amandma: K 2. točki [SDS - Poslanska skupina Slovenske demokratske stranke],Odbor za zdravstvo
15. izredna seja,Dnevni red v celoti,Proceduralna glasovanja
14. izredna seja,Predlog za izvolitev podpredsednice Državnega zbora - Glasovanje o sestavi komisije za tajno glasovanje,Proceduralna glasovanja
14. izredna seja,Dnevni red v celoti,Proceduralna glasovanja
14. izredna seja,Širitev dnevnega reda,Proceduralna glasovanja
13. izredna seja,Lista kandidatk za ministrici - Glasovanje o listi kandidatov za ministre,Proceduralna glasovanja
13. izredna seja,Zakon o ratifikaciji Sporazuma o pridružitvi med Evropsko unijo in Evropsko skupnostjo za atomsko energijo in njunimi državami članicami na eni strani ter Ukrajino na drugi strani - Glasovanje,Odbor za zadeve Evropske unije;Odbor za zunanjo politiko
13. izredna seja,Zakon o ratifikaciji Pridružitvenega sporazuma med Evropsko unijo in Evropsko skupnostjo za atomsko energijo in njunimi državami članicami na eni strani ter Gruzijo na drugi strani - Glasovanje,Odbor za zadeve Evropske unije;Odbor za zunanjo politiko
13. izredna seja,Zakon o ratifikaciji Pridružitvenega sporazuma med Evropsko unijo in Evropsko skupnostjo za atomsko energijo in njunimi državami članicami na eni strani ter Republiko Moldavijo na drugi strani - Glasovanje,Odbor za zadeve Evropske unije;Odbor za zunanjo politiko
13. izredna seja,Dnevni red v celoti,Proceduralna glasovanja
12. izredna seja,|Predlog za razrešitev Janka Vebra, ministra za obrambo - Glasovanje|,Proceduralna glasovanja
12. izredna seja,Obvestilo s Sklepom o pravici prevzema mandata poslanke Državnega zbora - Glasovanje,Proceduralna glasovanja
12. izredna seja,Dnevni red v celoti,Proceduralna glasovanja
11. izredna seja,|Predlog sklepa o nedopustnosti razpisa zakonodajnega referenduma o Zakonu o spremembah in dopolnitvah Zakona o zakonski zvezi in družinskih razmerjih (ZZZDR-D), EPA 257-VII - Glasovanje o aktu v celoti|,Proceduralna glasovanja
11. izredna seja,|Predlog sklepa o nedopustnosti razpisa zakonodajnega referenduma o Zakonu o spremembah in dopolnitvah Zakona o zakonski zvezi in družinskih razmerjih (ZZZDR-D), EPA 257-VII - Amandma k II. točki [SDS - Poslanska skupina Slovenske demokratske stranke]|,Proceduralna glasovanja
11. izredna seja,|Predlog sklepa o nedopustnosti razpisa zakonodajnega referenduma o Zakonu o spremembah in dopolnitvah Zakona o zakonski zvezi in družinskih razmerjih (ZZZDR-D), EPA 257-VII - Amandma k I. točki [SDS - Poslanska skupina Slovenske demokratske stranke]|,Proceduralna glasovanja
11. izredna seja,Dnevni red v celoti,Proceduralna glasovanja
10. izredna seja,Priporočilo o vlogi Banke Slovenije pri dokapitalizaciji bank in izbrisu lastnikov podrejenih hibridnih finančnih instrumetov - Glasovanje,Odbor za finance in monetarno politiko
10. izredna seja,Dnevni red v celoti,Proceduralna glasovanja
10. izredna seja,Širitev dnevnega reda,Proceduralna glasovanja
9. izredna seja,Zakon o spremembah in dopolnitvah Zakona o izvrševanju proračunov Republike Slovenije za leti 2014 in 2015 - Glasovanje o zakonu v celoti,Komisija za nadzor javnih financ
9. izredna seja,Zakon o spremembah in dopolnitvah Zakona o izvrševanju proračunov Republike Slovenije za leti 2014 in 2015 - Amandma: K 6. členu 19.2.2015 [SDS - Poslanska skupina Slovenske demokratske stranke],Komisija za nadzor javnih financ
9. izredna seja,Zakon o spremembah in dopolnitvah Zakona o izvrševanju proračunov Republike Slovenije za leti 2014 in 2015 - Amandma: K 1. členu 19.2.2015 [ZL - Poslanska skupina Združena levica],Komisija za nadzor javnih financ
9. izredna seja,Rebalans proračuna Republike Slovenije za leto 2015 - Evidenčni sklep o pripravi končnega besedila rebalansa 20.2.2015,Odbor za finance in monetarno politiko
9. izredna seja,Rebalans proračuna Republike Slovenije za leto 2015 - Glasovanje o predlogu rebalansa proračuna RS za leto 2015 v celoti,Odbor za finance in monetarno politiko
9. izredna seja,Rebalans proračuna Republike Slovenije za leto 2015 - Vloženi uskladitveni amandmaji k splošnem delu 20.2.2015 [V - Vlada],Odbor za finance in monetarno politiko
9. izredna seja,Rebalans proračuna Republike Slovenije za leto 2015 - Evidenčni sklep o sprejetju Načrta razvojnih programov rebalansa proračuna RS za leto 2015 20.2.2015,Odbor za finance in monetarno politiko
9. izredna seja,Rebalans proračuna Republike Slovenije za leto 2015 - Evidenčni sklep o sprejetju Posebnega dela rebalansa proračuna RS za leto 2015 20.2.2015,Odbor za finance in monetarno politiko
9. izredna seja,Rebalans proračuna Republike Slovenije za leto 2015 - Amandma: 3331 Urad Republike Slovenije za mladino (190104) 16.2.2015 [SDS - Poslanska skupina Slovenske demokratske stranke],Odbor za finance in monetarno politiko
9. izredna seja,|Rebalans proračuna Republike Slovenije za leto 2015 - Amandma: 3330 Ministrstvo za izobraževanje, znanost in šport (190301) 16.2.2015 [SDS - Poslanska skupina Slovenske demokratske stranke]|,Odbor za finance in monetarno politiko
9. izredna seja,|Rebalans proračuna Republike Slovenije za leto 2015 - Amandma: 3330 Ministrstvo za izobraževanje, znanost in šport (190301) 12.2.2015 [ZaAB - Poslanska skupina Zavezništvo Alenke Bratušek]|,Odbor za finance in monetarno politiko
9. izredna seja,|Rebalans proračuna Republike Slovenije za leto 2015 - Amandma: 3330 Ministrstvo za izobraževanje, znanost in šport (050201) 16.2.2015 [ZL - Poslanska skupina Združena levica]|,Odbor za finance in monetarno politiko
9. izredna seja,|Rebalans proračuna Republike Slovenije za leto 2015 - Amandma: 3330 Ministrstvo za izobraževanje, znanost in šport (050201) 11.2.2015 [NSi - Poslanska skupina Nove Slovenije - krščanskih demokratov]|,Odbor za finance in monetarno politiko
9. izredna seja,Rebalans proračuna Republike Slovenije za leto 2015 - Amandma: 2711 Ministrstvo za zdravje (170301) 16.2.2015 [ZL - Poslanska skupina Združena levica],Odbor za finance in monetarno politiko
9. izredna seja,Rebalans proračuna Republike Slovenije za leto 2015 - Amandma: 2711 Ministrstvo za zdravje (170301)  16.2.2015 [SDS - Poslanska skupina Slovenske demokratske stranke],Odbor za finance in monetarno politiko
8. izredna seja,Zakon o spremembah in dopolnitvah Zakona o zaposlitveni rehabilitaciji in zaposlovanju invalidov - Ponovno odločanje,|Odbor za delo, družino, socialne zadeve in invalide|
8. izredna seja,Dnevni red v celoti,Proceduralna glasovanja
7. izredna seja,Zakon o spremembah in dopolnitvah Zakona o državni upravi - Glasovanje o zakonu v celoti,|Odbor za notranje zadeve, javno upravo in lokalno samoupravo|
7. izredna seja,Zakon o spremembah in dopolnitvah Zakona o državni upravi - Amandma: K 19. členu 4.12.2014 [ZL - Poslanska skupina Združena levica],|Odbor za notranje zadeve, javno upravo in lokalno samoupravo|
7. izredna seja,|Zakon o spremembah in dopolnitvah Zakona o državni upravi - Amandma: K 11. členu, 4.12.2014 [SDS - Poslanska skupina Slovenske demokratske stranke]|,|Odbor za notranje zadeve, javno upravo in lokalno samoupravo|
7. izredna seja,Zakon o spremembi Zakona o spremembah in dopolnitvah Zakona o tujcih - Glasovanje o zakonu v celoti,|Odbor za notranje zadeve, javno upravo in lokalno samoupravo|
7. izredna seja,Zakon o spremembah in dopolnitvah Zakona o davčnem postopku - Glasovanje o zakonu v celoti,Odbor za finance in monetarno politiko
7. izredna seja,|Zakon o spremembah in dopolnitvah Zakona o davčnem postopku - Amandma: K 5. členu, 3.12.2014 [SDS - Poslanska skupina Slovenske demokratske stranke]|,Odbor za finance in monetarno politiko
7. izredna seja,Zakon o spremembah Zakona o davku od prometa zavarovalnih poslov - Glasovanje o zakonu v celoti,Odbor za finance in monetarno politiko
7. izredna seja,Zakon o spremembah Zakona o davku na finančne storitve - Glasovanje o zakonu v celoti,Odbor za finance in monetarno politiko
7. izredna seja,Predlog kandidata za ministra za gospodarski razvoj in tehnologijo - Glasovanje o listi kandidatov za ministre,Proceduralna glasovanja
7. izredna seja,Proceduralni predlog za omejitev razprave - peti odstavek 67. člena Poslovnika Državnega zbora,Proceduralna glasovanja
7. izredna seja,Dnevni red v celoti,Proceduralna glasovanja
7. izredna seja,Širitev dnevnega reda,Proceduralna glasovanja
6. izredna seja,Dnevni red v celoti,Proceduralna glasovanja
5. izredna seja,Poročilo v zvezi z mandatom poslanca - Evidenčni sklep ,Mandatno-volilna komisija
5. izredna seja,Poročilo v zvezi z mandatom poslanca - Evidenčni sklep ,Mandatno-volilna komisija
5. izredna seja,Poročilo v zvezi z mandatom poslanca - Amandma: 1. sklep poročila [SDS - Poslanska skupina Slovenske demokratske stranke],Mandatno-volilna komisija
5. izredna seja,Poročilo v zvezi z mandatom poslanca - Amandma: 1. sklep poročila [SDS - Poslanska skupina Slovenske demokratske stranke],Mandatno-volilna komisija
5. izredna seja,Dnevni red v celoti,Proceduralna glasovanja
4. izredna seja,|Sklep o razrešitvi in imenovanju predsednice Odbora za pravosodje, podpredsednika Odbora za izobraževanje, znanost, šport in mladino in  podpredsednice Odbora za kulturo ter imenovanju podpredsednice Odbora za zunanjo politiko in predsednika in podpredsednice Odbora za delo, družino, socialne zadeve in invalide |,Proceduralna glasovanja
4. izredna seja,Sklep o imenovanju člana Nadzornega sveta Radiotelevizije Slovenija - Glasovanje,Mandatno-volilna komisija
4. izredna seja,Sklep o imenovanju članice Programskega sveta RTV Slovenija - na podlagi šeste alineje šestega odstavka 17. člena Zakona o RTV Slovenija - Glasovanje,Mandatno-volilna komisija
4. izredna seja,Sklep o imenovanju člana Programskega sveta RTV Slovenija - na podlagi sedme alineje šestega odstavka 17. člena Zakona o RTV Slovenija - Glasovanje,Mandatno-volilna komisija
4. izredna seja,Sklep o imenovanju članice Državne revizijske komisije - Glasovanje,Mandatno-volilna komisija
4. izredna seja,Predlog za imenovanje namestnika varuhinje človekovih pravic - Glasovanje,Mandatno-volilna komisija
4. izredna seja,Predlog za izvolitev podpredsednice Državnega zbora - Glasovanje o sestavi komisije za tajno glasovanje,Proceduralna glasovanja
4. izredna seja,Sklep o pravici nadomeščanja poslancev Državnega zbora - Glasovanje,Mandatno-volilna komisija
4. izredna seja,Dnevni red v celoti,Proceduralna glasovanja
4. izredna seja,Predlog sklepa (Umik 3f. točke z dnevnega reda 4. izredne seje),Proceduralna glasovanja
3. izredna seja,|Sklep o izvolitvi predsednika, podpredsednika in članov Komisije za nadzor obveščevalnih in varnostnih služb - Glasovanje o Predlogu sklepa o izvolitvi predsednika, podpredsednika in članov Komisije za nadzor obveščevalnih in varnostnih služb|,Proceduralna glasovanja
3. izredna seja,Sklep o imenovanju predsednika in podpredsednice Ustavne komisije - Glasovanje o Predlogu sklepa o imenovanju predsednika in podpredsednice Ustavne komisije,Proceduralna glasovanja
3. izredna seja,Lista kandidatk in kandidatov za ministrice in ministre Vlade Republike Slovenije - Glasovanje o listi kandidatk in kandidatov za ministrice in ministre Vlade Republike Slovenije,Proceduralna glasovanja
3. izredna seja,Dnevni red v celoti,Proceduralna glasovanja
2. izredna seja,Zakon o spremembah in dopolnitvah Zakona o Vladi Republike Slovenije - Glasovanje o zakonu v celoti,|Odbor za notranje zadeve, javno upravo in lokalno samoupravo|
2. izredna seja,Zakon o spremembah in dopolnitvah Zakona o Vladi Republike Slovenije - Amandma: K 3. členu [SDS - Poslanska skupina Slovenske demokratske stranke],|Odbor za notranje zadeve, javno upravo in lokalno samoupravo|
2. izredna seja,|Sklep o izvolitvi predsednika, podpredsednika in članov Komisije za nadzor obveščevalnih in varnostnih služb - Glasovanje|,Proceduralna glasovanja
2. izredna seja,Proceduralni predlog - na podlagi 5. odstavka 67. člena Poslovnika lahko vsak poslanec razpravlja samo enkrat,Proceduralna glasovanja
2. izredna seja,Obvestilo s Sklepom o pravici nadomeščanja poslanca Državnega zbora - Glasovanje,Mandatno-volilna komisija
2. izredna seja,Dnevni red v celoti,Proceduralna glasovanja
1. izredna seja,|Sklep o izvolitvi predsednika, podpredsednika in članov Komisije za nadzor obveščevalnih in varnostnih služb - Sklep o prestavitvi obravnave in odločanja na naslednjo sejo|,Proceduralna glasovanja
1. izredna seja,Sklep o imenovanju predsednikov in podpredsednikov delovnih teles Državnega zbora - Glasovanje,Proceduralna glasovanja
1. izredna seja,Sklep o imenovanju generalne sekretarke Državnega zbora - Glasovanje,Proceduralna glasovanja
1. izredna seja,Odlok o ustanovitvi in nalogah delovnih teles Državnega zbora - Glasovanje,Proceduralna glasovanja
1. izredna seja,|Predlog za izvolitev podpredsednika Državnega zbora - Glasovanje o sestavi komisije za tajno glasovanje (EPA 12 - VII, EPA 15 - VII)|,Proceduralna glasovanja
1. izredna seja,Dnevni red v celoti,Proceduralna glasovanja
22. redna seja,|Predlog sklepa (razprava o odgovoru ministrice za izobraževanje, znanost in šport dr. Maje Makovec Brenčič na poslansko vprašanje Mihe Kordiša v zvezi s financiranjem visokega šolstva v novem predlogu Zakona o visokem šolstvu)|,Proceduralna glasovanja
22. redna seja,|Predlog sklepa (razprava o odgovoru ministrice brez resorja, pristojne za razvoj, strateške projekte in kohezijo Alenke Smerkolj na poslansko vprašanje mag. Marka Pogačnika v zvezi s črpanjem evropskih sredstvih)|,Proceduralna glasovanja
22. redna seja,Predlog sklepa (razprava o odgovoru ministrice za notranje zadeve mag. Vesne Györkös Žnidar na poslansko vprašanje mag. Branka Grimsa v zvezi z izvajanjem nadzora na schengenski meji),Proceduralna glasovanja
22. redna seja,Predlog sklepa (razprava o odgovoru ministrice za notranje zadeve mag. Vesne Györkös Žnidar na poslansko vprašanje Anje Bah Žibert v zvezi s postopki iskanja pogrešanih oseb),Proceduralna glasovanja
22. redna seja,|Predlog sklepa (razprava o odgovoru ministra za kmetijstvo, gozdarstvo in prehrano mag. Dejana Židana na poslansko vprašanje Violete Tomić v zvezi z izvajanjem sankcij proti lastnikom nevarnih živali)|,Proceduralna glasovanja
22. redna seja,Predlog sklepa (razprava o odgovoru ministra za gospodarski razvoj in tehnologijo Zdravka Počivalška na poslansko vprašanje dr. Mateja  T. Vatovca v zvezi z označevanjem izdelkov iz nezakonitih naselbin v Palestini),Proceduralna glasovanja
22. redna seja,Predlog sklepa (razprava o odgovoru ministrice za okolje in prostor Irene Majcen na poslansko vprašanje Danijela Krivca v zvezi z izvajanjem upravljavskega načrta za Triglavski narodni park),Proceduralna glasovanja
22. redna seja,Predlog sklepa (razprava o odgovoru ministrice za okolje in prostor Irene Majcen na poslansko vprašanje Jožeta Tanka v zvezi z okoljskim vidikom obvoznice Škofljica),Proceduralna glasovanja
22. redna seja,|Predlog sklepa (razprava o odgovoru ministra za kmetijstvo, gozdarstvo in prehrano mag. Dejana Židana na poslansko vprašanje Ive Dimic v zvezi z delovanjem družbe Slovenski državni gozdovi, d. o. o.)|,Proceduralna glasovanja
22. redna seja,Predlog sklepa (razprava o odgovoru ministra za gospodarski razvoj in tehnologijo Zdravka Počivalška na poslansko vprašanje Luke Mesca v zvezi s sprejemanjem trgovinsko-investicijskega sporazuma CETA),Proceduralna glasovanja
22. redna seja,Predlog sklepa (razprava o odgovoru ministra za pravosodje mag. Gorana Klemenčiča na poslansko vprašanje dr. Vinka Gorenaka v zvezi z uresničevanjem zavez iz koalicijskega sporazuma za področje pravosodja),Proceduralna glasovanja
22. redna seja,|Predlog sklepa (razprava o odgovoru ministra za pravosodje mag. Gorana Klemenčiča na poslansko vprašanje dr. Vinka Gorenaka v zvezi z oceno stanja na področju integritete, odgovornosti ter vladavine prava, ki se nanašajo na integriteto sedanje Vlade ter njenih ministrov)|,Proceduralna glasovanja
22. redna seja,Predlog sklepa (razprava o odgovoru predsednika Vlade dr. Mira Cerarja na poslansko vprašanje Jerneja Vrtovca v zvezi s ključnimi ukrepi v zdravstvu in gospodarstvu),Proceduralna glasovanja
22. redna seja,Predlog sklepa (razprava o odgovoru predsednika Vlade dr. Mira Cerarja na poslansko vprašanje dr. Franca Trčka v zvezi s predlagano spremembo dohodninske lestvice in problemom revščine),Proceduralna glasovanja
22. redna seja,Predlog sklepa (razprava o odgovoru predsednika Vlade dr. Mira Cerarja na poslansko vprašanje Tomaža Lisca v zvezi s problematiko lubadarja),Proceduralna glasovanja
23. redna seja,Dnevni red v celoti,Proceduralna glasovanja
